充值渠道简称-国内,,充值渠道简称-海外,,,,,,,,,,,,,,,,,
Apple,,Apple,,,,,,,,,,,,,,,,,
ios-微信-公众号,,Google,,,,,,,,,,,,,,,,,
and-微信-公众号,,Mycard,,,,,,,,,,,,,,,,,
微信-官网,,Amazon,,,,,,,,,,,,,,,,,
支付宝-官网,,RAZER,,,,,,,,,,,,,,,,,
淘宝网店-官网,,Coda,,,,,,,,,,,,,,,,,
华为,,,,,,,,,,,,,,,,,,,
小米,,,,,,,,,,,,,,,,,,,
OPPO,,,,,,,,,,,,,,,,,,,
VIVO,,,,,,,,,,,,,,,,,,,
应用宝,,,,,,,,,,,,,,,,,,,
360,,,,,,,,,,,,,,,,,,,
2144,,,,,,,,,,,,,,,,,,,
4399,,,,,,,,,,,,,,,,,,,
233乐园,,,,,,,,,,,,,,,,,,,
3DM,,,,,,,,,,,,,,,,,,,
7K7K,,,,,,,,,,,,,,,,,,,
B站,,,,,,,,,,,,,,,,,,,
HTC,,,,,,,,,,,,,,,,,,,
mumu模拟器,,,,,,,,,,,,,,,,,,,
QQ,,,,,,,,,,,,,,,,,,,
steam,,,,,,,,,,,,,,,,,,,
UC,,,,,,,,,,,,,,,,,,,
Wegame,,,,,,,,,,,,,,,,,,,
爱奇艺,,,,,,,,,,,,,,,,,,,
百度,,,,,,,,,,,,,,,,,,,
百度网讯,,,,,,,,,,,,,,,,,,,
财付通,,,,,,,,,,,,,,,,,,,
大蓝,,,,,,,,,,,,,,,,,,,
抖音直播,,,,,,,,,,,,,,,,,,,
多玩,,,,,,,,,,,,,,,,,,,
飞火,,,,,,,,,,,,,,,,,,,
果盘,,,,,,,,,,,,,,,,,,,
黑鲨,,,,,,,,,,,,,,,,,,,
弘贯6KW,,,,,,,,,,,,,,,,,,,
虎牙,,,,,,,,,,,,,,,,,,,
今日头条,,,,,,,,,,,,,,,,,,,
金立,,,,,,,,,,,,,,,,,,,
君子互娱,,,,,,,,,,,,,,,,,,,
酷派,,,,,,,,,,,,,,,,,,,
快手,,,,,,,,,,,,,,,,,,,
快玩,,,,,,,,,,,,,,,,,,,
雷电模拟器,,,,,,,,,,,,,,,,,,,
联想,,,,,,,,,,,,,,,,,,,
美团,,,,,,,,,,,,,,,,,,,
魅族,,,,,,,,,,,,,,,,,,,
努比亚,,,,,,,,,,,,,,,,,,,
起点,,,,,,,,,,,,,,,,,,,
三星,,,,,,,,,,,,,,,,,,,
手Q,,,,,,,,,,,,,,,,,,,
顺网,,,,,,,,,,,,,,,,,,,
顺游,,,,,,,,,,,,,,,,,,,
天津多酷,,,,,,,,,,,,,,,,,,,
同步推,,,,,,,,,,,,,,,,,,,
头条,,,,,,,,,,,,,,,,,,,
网易云,,,,,,,,,,,,,,,,,,,
小7,,,,,,,,,,,,,,,,,,,
小Y互娱,,,,,,,,,,,,,,,,,,,
讯毅,,,,,,,,,,,,,,,,,,,
应用汇,,,,,,,,,,,,,,,,,,,
云顶,,,,,,,,,,,,,,,,,,,
蒸汽平台,,,,,,,,,,,,,,,,,,,
紫霞,,,,,,,,,,,,,,,,,,,
